variant,family,goal,goal_name,in_family,predicted,verdict_tight,verdict_default,search_complete_tight,search_complete_default,skeletons_tight,shapes_tight,skeletons_default,shapes_default,run_seconds_tight,run_seconds_default,peer_strand_added_default,flags,cpsa_version,macros_sha256,scm_sha256
m0,S,S1,Client->server injective agreement,True,HOLDS,HOLDS,HOLDS,True,True,38,1,38,1,57.698,394.485,True,,4.4.9,4752c3cfc045f37fdfec9780d96b228b1e2d8f1ce18ebc3e3779ad32105849e3,2c64ed8a03016400e36ca0d8ef123f7d0f2f92dbd72a5cea877ec8824fe6a30f
m0,S,S2,Server->client injective agreement,True,VIOLATED,VIOLATED,VIOLATED,True,True,1,1,1,1,57.698,394.485,False,NO_PEER_STRAND,4.4.9,4752c3cfc045f37fdfec9780d96b228b1e2d8f1ce18ebc3e3779ad32105849e3,2c64ed8a03016400e36ca0d8ef123f7d0f2f92dbd72a5cea877ec8824fe6a30f
m0,S,S3,Client view: c ap traffic key secrecy,True,HOLDS,HOLDS,HOLDS,True,True,13,0,13,0,57.698,394.485,True,,4.4.9,4752c3cfc045f37fdfec9780d96b228b1e2d8f1ce18ebc3e3779ad32105849e3,2c64ed8a03016400e36ca0d8ef123f7d0f2f92dbd72a5cea877ec8824fe6a30f
m0,S,S4,Client view: s ap traffic key secrecy,True,HOLDS,HOLDS,HOLDS,True,True,13,0,13,0,57.698,394.485,True,,4.4.9,4752c3cfc045f37fdfec9780d96b228b1e2d8f1ce18ebc3e3779ad32105849e3,2c64ed8a03016400e36ca0d8ef123f7d0f2f92dbd72a5cea877ec8824fe6a30f
m0,S,S5,Server view: s ap traffic key secrecy,True,VIOLATED,VIOLATED,VIOLATED,True,True,2,1,2,1,57.698,394.485,False,NO_PEER_STRAND,4.4.9,4752c3cfc045f37fdfec9780d96b228b1e2d8f1ce18ebc3e3779ad32105849e3,2c64ed8a03016400e36ca0d8ef123f7d0f2f92dbd72a5cea877ec8824fe6a30f
m0,S,S6,Server view: c ap traffic key secrecy,True,VIOLATED,VIOLATED,VIOLATED,True,True,2,1,2,1,57.698,394.485,False,NO_PEER_STRAND,4.4.9,4752c3cfc045f37fdfec9780d96b228b1e2d8f1ce18ebc3e3779ad32105849e3,2c64ed8a03016400e36ca0d8ef123f7d0f2f92dbd72a5cea877ec8824fe6a30f
m0,S,S7,"PFS, client view (server key leaked later)",True,HOLDS,HOLDS,HOLDS,True,True,20,0,20,0,57.698,394.485,True,,4.4.9,4752c3cfc045f37fdfec9780d96b228b1e2d8f1ce18ebc3e3779ad32105849e3,2c64ed8a03016400e36ca0d8ef123f7d0f2f92dbd72a5cea877ec8824fe6a30f
m0,S,S8,"PFS, server view (server key leaked later)",True,VIOLATED,VIOLATED,VIOLATED,True,True,5,1,5,1,57.698,394.485,False,NO_PEER_STRAND,4.4.9,4752c3cfc045f37fdfec9780d96b228b1e2d8f1ce18ebc3e3779ad32105849e3,2c64ed8a03016400e36ca0d8ef123f7d0f2f92dbd72a5cea877ec8824fe6a30f
m0,S,M1,Client->server injective agreement,False,HOLDS,HOLDS,HOLDS,True,True,38,1,38,1,57.698,394.485,True,,4.4.9,4752c3cfc045f37fdfec9780d96b228b1e2d8f1ce18ebc3e3779ad32105849e3,2c64ed8a03016400e36ca0d8ef123f7d0f2f92dbd72a5cea877ec8824fe6a30f
m0,S,M2,Server->client injective agreement,False,HOLDS,HOLDS,HOLDS,True,True,69,1,69,1,57.698,394.485,True,,4.4.9,4752c3cfc045f37fdfec9780d96b228b1e2d8f1ce18ebc3e3779ad32105849e3,2c64ed8a03016400e36ca0d8ef123f7d0f2f92dbd72a5cea877ec8824fe6a30f
m0,S,M3,Client view: c ap traffic key secrecy,False,HOLDS,HOLDS,HOLDS,True,True,13,0,13,0,57.698,394.485,True,,4.4.9,4752c3cfc045f37fdfec9780d96b228b1e2d8f1ce18ebc3e3779ad32105849e3,2c64ed8a03016400e36ca0d8ef123f7d0f2f92dbd72a5cea877ec8824fe6a30f
m0,S,M4,Client view: s ap traffic key secrecy,False,HOLDS,HOLDS,HOLDS,True,True,13,0,13,0,57.698,394.485,True,,4.4.9,4752c3cfc045f37fdfec9780d96b228b1e2d8f1ce18ebc3e3779ad32105849e3,2c64ed8a03016400e36ca0d8ef123f7d0f2f92dbd72a5cea877ec8824fe6a30f
m0,S,M5,Server view: s ap traffic key secrecy,False,HOLDS,HOLDS,HOLDS,True,True,30,0,30,0,57.698,394.485,True,,4.4.9,4752c3cfc045f37fdfec9780d96b228b1e2d8f1ce18ebc3e3779ad32105849e3,2c64ed8a03016400e36ca0d8ef123f7d0f2f92dbd72a5cea877ec8824fe6a30f
m0,S,M6,Server view: c ap traffic key secrecy,False,HOLDS,HOLDS,HOLDS,True,True,30,0,30,0,57.698,394.485,True,,4.4.9,4752c3cfc045f37fdfec9780d96b228b1e2d8f1ce18ebc3e3779ad32105849e3,2c64ed8a03016400e36ca0d8ef123f7d0f2f92dbd72a5cea877ec8824fe6a30f
m0,S,M7,"PFS, client view (server key leaked later)",False,HOLDS,HOLDS,HOLDS,True,True,38,0,38,0,57.698,394.485,True,,4.4.9,4752c3cfc045f37fdfec9780d96b228b1e2d8f1ce18ebc3e3779ad32105849e3,2c64ed8a03016400e36ca0d8ef123f7d0f2f92dbd72a5cea877ec8824fe6a30f
m0,S,M8,"PFS, server view (client key leaked later)",False,HOLDS,INCOMPLETE,INCOMPLETE,False,False,501,0,2002,0,57.698,394.485,True,INCOMPLETE,4.4.9,4752c3cfc045f37fdfec9780d96b228b1e2d8f1ce18ebc3e3779ad32105849e3,2c64ed8a03016400e36ca0d8ef123f7d0f2f92dbd72a5cea877ec8824fe6a30f
m1,S,S1,Client->server injective agreement,True,VIOLATED,VIOLATED,VIOLATED,True,True,2,1,2,1,5.632,5.640,True,,4.4.9,faf59645b98a099f9fad2e610a5ea0917cbadbd82850456ce53e89c8a15d75ab,2c64ed8a03016400e36ca0d8ef123f7d0f2f92dbd72a5cea877ec8824fe6a30f
m1,S,S2,Server->client injective agreement,True,VIOLATED,VIOLATED,VIOLATED,True,True,1,1,1,1,5.632,5.640,False,NO_PEER_STRAND,4.4.9,faf59645b98a099f9fad2e610a5ea0917cbadbd82850456ce53e89c8a15d75ab,2c64ed8a03016400e36ca0d8ef123f7d0f2f92dbd72a5cea877ec8824fe6a30f
m1,S,S3,Client view: c ap traffic key secrecy,True,VIOLATED,VIOLATED,VIOLATED,True,True,3,1,3,1,5.632,5.640,True,,4.4.9,faf59645b98a099f9fad2e610a5ea0917cbadbd82850456ce53e89c8a15d75ab,2c64ed8a03016400e36ca0d8ef123f7d0f2f92dbd72a5cea877ec8824fe6a30f
m1,S,S4,Client view: s ap traffic key secrecy,True,VIOLATED,VIOLATED,VIOLATED,True,True,3,1,3,1,5.632,5.640,True,,4.4.9,faf59645b98a099f9fad2e610a5ea0917cbadbd82850456ce53e89c8a15d75ab,2c64ed8a03016400e36ca0d8ef123f7d0f2f92dbd72a5cea877ec8824fe6a30f
m1,S,S5,Server view: s ap traffic key secrecy,True,VIOLATED,VIOLATED,VIOLATED,True,True,2,1,2,1,5.632,5.640,False,NO_PEER_STRAND,4.4.9,faf59645b98a099f9fad2e610a5ea0917cbadbd82850456ce53e89c8a15d75ab,2c64ed8a03016400e36ca0d8ef123f7d0f2f92dbd72a5cea877ec8824fe6a30f
m1,S,S6,Server view: c ap traffic key secrecy,True,VIOLATED,VIOLATED,VIOLATED,True,True,2,1,2,1,5.632,5.640,False,NO_PEER_STRAND,4.4.9,faf59645b98a099f9fad2e610a5ea0917cbadbd82850456ce53e89c8a15d75ab,2c64ed8a03016400e36ca0d8ef123f7d0f2f92dbd72a5cea877ec8824fe6a30f
m1,S,S7,"PFS, client view (server key leaked later)",True,VIOLATED,VIOLATED,VIOLATED,True,True,6,1,6,1,5.632,5.640,True,,4.4.9,faf59645b98a099f9fad2e610a5ea0917cbadbd82850456ce53e89c8a15d75ab,2c64ed8a03016400e36ca0d8ef123f7d0f2f92dbd72a5cea877ec8824fe6a30f
m1,S,S8,"PFS, server view (server key leaked later)",True,VIOLATED,VIOLATED,VIOLATED,True,True,5,1,5,1,5.632,5.640,False,NO_PEER_STRAND,4.4.9,faf59645b98a099f9fad2e610a5ea0917cbadbd82850456ce53e89c8a15d75ab,2c64ed8a03016400e36ca0d8ef123f7d0f2f92dbd72a5cea877ec8824fe6a30f
m1,S,M1,Client->server injective agreement,False,VIOLATED,VIOLATED,VIOLATED,True,True,2,1,2,1,5.632,5.640,True,,4.4.9,faf59645b98a099f9fad2e610a5ea0917cbadbd82850456ce53e89c8a15d75ab,2c64ed8a03016400e36ca0d8ef123f7d0f2f92dbd72a5cea877ec8824fe6a30f
m1,S,M2,Server->client injective agreement,False,HOLDS,HOLDS,HOLDS,True,True,69,1,69,1,5.632,5.640,True,,4.4.9,faf59645b98a099f9fad2e610a5ea0917cbadbd82850456ce53e89c8a15d75ab,2c64ed8a03016400e36ca0d8ef123f7d0f2f92dbd72a5cea877ec8824fe6a30f
m1,S,M3,Client view: c ap traffic key secrecy,False,VIOLATED,VIOLATED,VIOLATED,True,True,3,1,3,1,5.632,5.640,True,,4.4.9,faf59645b98a099f9fad2e610a5ea0917cbadbd82850456ce53e89c8a15d75ab,2c64ed8a03016400e36ca0d8ef123f7d0f2f92dbd72a5cea877ec8824fe6a30f
m1,S,M4,Client view: s ap traffic key secrecy,False,VIOLATED,VIOLATED,VIOLATED,True,True,3,1,3,1,5.632,5.640,True,,4.4.9,faf59645b98a099f9fad2e610a5ea0917cbadbd82850456ce53e89c8a15d75ab,2c64ed8a03016400e36ca0d8ef123f7d0f2f92dbd72a5cea877ec8824fe6a30f
m1,S,M5,Server view: s ap traffic key secrecy,False,HOLDS,HOLDS,HOLDS,True,True,30,0,30,0,5.632,5.640,True,,4.4.9,faf59645b98a099f9fad2e610a5ea0917cbadbd82850456ce53e89c8a15d75ab,2c64ed8a03016400e36ca0d8ef123f7d0f2f92dbd72a5cea877ec8824fe6a30f
m1,S,M6,Server view: c ap traffic key secrecy,False,HOLDS,HOLDS,HOLDS,True,True,30,0,30,0,5.632,5.640,True,,4.4.9,faf59645b98a099f9fad2e610a5ea0917cbadbd82850456ce53e89c8a15d75ab,2c64ed8a03016400e36ca0d8ef123f7d0f2f92dbd72a5cea877ec8824fe6a30f
m1,S,M7,"PFS, client view (server key leaked later)",False,VIOLATED,VIOLATED,VIOLATED,True,True,10,2,10,2,5.632,5.640,True,,4.4.9,faf59645b98a099f9fad2e610a5ea0917cbadbd82850456ce53e89c8a15d75ab,2c64ed8a03016400e36ca0d8ef123f7d0f2f92dbd72a5cea877ec8824fe6a30f
m1,S,M8,"PFS, server view (client key leaked later)",False,HOLDS,INCOMPLETE,INCOMPLETE,False,False,109,0,109,0,5.632,5.640,True,INCOMPLETE,4.4.9,faf59645b98a099f9fad2e610a5ea0917cbadbd82850456ce53e89c8a15d75ab,2c64ed8a03016400e36ca0d8ef123f7d0f2f92dbd72a5cea877ec8824fe6a30f
m2,S,S1,Client->server injective agreement,True,HOLDS,HOLDS,HOLDS,True,True,48,1,48,1,25.794,224.685,True,,4.4.9,ae068c8e76cade89403749ba624127dda89810f243fb23d335af7036e155cbe7,2c64ed8a03016400e36ca0d8ef123f7d0f2f92dbd72a5cea877ec8824fe6a30f
m2,S,S2,Server->client injective agreement,True,VIOLATED,VIOLATED,VIOLATED,True,True,1,1,1,1,25.794,224.685,False,NO_PEER_STRAND,4.4.9,ae068c8e76cade89403749ba624127dda89810f243fb23d335af7036e155cbe7,2c64ed8a03016400e36ca0d8ef123f7d0f2f92dbd72a5cea877ec8824fe6a30f
m2,S,S3,Client view: c ap traffic key secrecy,True,HOLDS,HOLDS,HOLDS,True,True,13,0,13,0,25.794,224.685,True,,4.4.9,ae068c8e76cade89403749ba624127dda89810f243fb23d335af7036e155cbe7,2c64ed8a03016400e36ca0d8ef123f7d0f2f92dbd72a5cea877ec8824fe6a30f
m2,S,S4,Client view: s ap traffic key secrecy,True,HOLDS,HOLDS,HOLDS,True,True,13,0,13,0,25.794,224.685,True,,4.4.9,ae068c8e76cade89403749ba624127dda89810f243fb23d335af7036e155cbe7,2c64ed8a03016400e36ca0d8ef123f7d0f2f92dbd72a5cea877ec8824fe6a30f
m2,S,S5,Server view: s ap traffic key secrecy,True,VIOLATED,VIOLATED,VIOLATED,True,True,2,1,2,1,25.794,224.685,False,NO_PEER_STRAND,4.4.9,ae068c8e76cade89403749ba624127dda89810f243fb23d335af7036e155cbe7,2c64ed8a03016400e36ca0d8ef123f7d0f2f92dbd72a5cea877ec8824fe6a30f
m2,S,S6,Server view: c ap traffic key secrecy,True,VIOLATED,VIOLATED,VIOLATED,True,True,2,1,2,1,25.794,224.685,False,NO_PEER_STRAND,4.4.9,ae068c8e76cade89403749ba624127dda89810f243fb23d335af7036e155cbe7,2c64ed8a03016400e36ca0d8ef123f7d0f2f92dbd72a5cea877ec8824fe6a30f
m2,S,S7,"PFS, client view (server key leaked later)",True,HOLDS,HOLDS,HOLDS,True,True,20,0,20,0,25.794,224.685,True,,4.4.9,ae068c8e76cade89403749ba624127dda89810f243fb23d335af7036e155cbe7,2c64ed8a03016400e36ca0d8ef123f7d0f2f92dbd72a5cea877ec8824fe6a30f
m2,S,S8,"PFS, server view (server key leaked later)",True,VIOLATED,VIOLATED,VIOLATED,True,True,5,1,5,1,25.794,224.685,False,NO_PEER_STRAND,4.4.9,ae068c8e76cade89403749ba624127dda89810f243fb23d335af7036e155cbe7,2c64ed8a03016400e36ca0d8ef123f7d0f2f92dbd72a5cea877ec8824fe6a30f
m2,S,M1,Client->server injective agreement,False,HOLDS,HOLDS,HOLDS,True,True,48,1,48,1,25.794,224.685,True,,4.4.9,ae068c8e76cade89403749ba624127dda89810f243fb23d335af7036e155cbe7,2c64ed8a03016400e36ca0d8ef123f7d0f2f92dbd72a5cea877ec8824fe6a30f
m2,S,M2,Server->client injective agreement,False,HOLDS,HOLDS,HOLDS,True,True,69,1,69,1,25.794,224.685,True,,4.4.9,ae068c8e76cade89403749ba624127dda89810f243fb23d335af7036e155cbe7,2c64ed8a03016400e36ca0d8ef123f7d0f2f92dbd72a5cea877ec8824fe6a30f
m2,S,M3,Client view: c ap traffic key secrecy,False,HOLDS,HOLDS,HOLDS,True,True,13,0,13,0,25.794,224.685,True,,4.4.9,ae068c8e76cade89403749ba624127dda89810f243fb23d335af7036e155cbe7,2c64ed8a03016400e36ca0d8ef123f7d0f2f92dbd72a5cea877ec8824fe6a30f
m2,S,M4,Client view: s ap traffic key secrecy,False,HOLDS,HOLDS,HOLDS,True,True,13,0,13,0,25.794,224.685,True,,4.4.9,ae068c8e76cade89403749ba624127dda89810f243fb23d335af7036e155cbe7,2c64ed8a03016400e36ca0d8ef123f7d0f2f92dbd72a5cea877ec8824fe6a30f
m2,S,M5,Server view: s ap traffic key secrecy,False,HOLDS,HOLDS,HOLDS,True,True,30,0,30,0,25.794,224.685,True,,4.4.9,ae068c8e76cade89403749ba624127dda89810f243fb23d335af7036e155cbe7,2c64ed8a03016400e36ca0d8ef123f7d0f2f92dbd72a5cea877ec8824fe6a30f
m2,S,M6,Server view: c ap traffic key secrecy,False,HOLDS,HOLDS,HOLDS,True,True,30,0,30,0,25.794,224.685,True,,4.4.9,ae068c8e76cade89403749ba624127dda89810f243fb23d335af7036e155cbe7,2c64ed8a03016400e36ca0d8ef123f7d0f2f92dbd72a5cea877ec8824fe6a30f
m2,S,M7,"PFS, client view (server key leaked later)",False,HOLDS,HOLDS,HOLDS,True,True,38,0,38,0,25.794,224.685,True,,4.4.9,ae068c8e76cade89403749ba624127dda89810f243fb23d335af7036e155cbe7,2c64ed8a03016400e36ca0d8ef123f7d0f2f92dbd72a5cea877ec8824fe6a30f
m2,S,M8,"PFS, server view (client key leaked later)",False,HOLDS,INCOMPLETE,INCOMPLETE,False,False,501,0,2001,0,25.794,224.685,True,INCOMPLETE,4.4.9,ae068c8e76cade89403749ba624127dda89810f243fb23d335af7036e155cbe7,2c64ed8a03016400e36ca0d8ef123f7d0f2f92dbd72a5cea877ec8824fe6a30f
m3,S,S1,Client->server injective agreement,True,HOLDS,HOLDS,HOLDS,True,True,28,1,28,1,37.066,226.352,True,,4.4.9,b5d2ed924716d379fe74f0d0e896fd67fac9980caefd03fcc3a9d2d5846ce004,2c64ed8a03016400e36ca0d8ef123f7d0f2f92dbd72a5cea877ec8824fe6a30f
m3,S,S2,Server->client injective agreement,True,VIOLATED,VIOLATED,VIOLATED,True,True,1,1,1,1,37.066,226.352,False,NO_PEER_STRAND,4.4.9,b5d2ed924716d379fe74f0d0e896fd67fac9980caefd03fcc3a9d2d5846ce004,2c64ed8a03016400e36ca0d8ef123f7d0f2f92dbd72a5cea877ec8824fe6a30f
m3,S,S3,Client view: c ap traffic key secrecy,True,HOLDS,HOLDS,HOLDS,True,True,13,0,13,0,37.066,226.352,True,,4.4.9,b5d2ed924716d379fe74f0d0e896fd67fac9980caefd03fcc3a9d2d5846ce004,2c64ed8a03016400e36ca0d8ef123f7d0f2f92dbd72a5cea877ec8824fe6a30f
m3,S,S4,Client view: s ap traffic key secrecy,True,HOLDS,HOLDS,HOLDS,True,True,13,0,13,0,37.066,226.352,True,,4.4.9,b5d2ed924716d379fe74f0d0e896fd67fac9980caefd03fcc3a9d2d5846ce004,2c64ed8a03016400e36ca0d8ef123f7d0f2f92dbd72a5cea877ec8824fe6a30f
m3,S,S5,Server view: s ap traffic key secrecy,True,VIOLATED,VIOLATED,VIOLATED,True,True,2,1,2,1,37.066,226.352,False,NO_PEER_STRAND,4.4.9,b5d2ed924716d379fe74f0d0e896fd67fac9980caefd03fcc3a9d2d5846ce004,2c64ed8a03016400e36ca0d8ef123f7d0f2f92dbd72a5cea877ec8824fe6a30f
m3,S,S6,Server view: c ap traffic key secrecy,True,VIOLATED,VIOLATED,VIOLATED,True,True,2,1,2,1,37.066,226.352,False,NO_PEER_STRAND,4.4.9,b5d2ed924716d379fe74f0d0e896fd67fac9980caefd03fcc3a9d2d5846ce004,2c64ed8a03016400e36ca0d8ef123f7d0f2f92dbd72a5cea877ec8824fe6a30f
m3,S,S7,"PFS, client view (server key leaked later)",True,HOLDS,HOLDS,HOLDS,True,True,20,0,20,0,37.066,226.352,True,,4.4.9,b5d2ed924716d379fe74f0d0e896fd67fac9980caefd03fcc3a9d2d5846ce004,2c64ed8a03016400e36ca0d8ef123f7d0f2f92dbd72a5cea877ec8824fe6a30f
m3,S,S8,"PFS, server view (server key leaked later)",True,VIOLATED,VIOLATED,VIOLATED,True,True,5,1,5,1,37.066,226.352,False,NO_PEER_STRAND,4.4.9,b5d2ed924716d379fe74f0d0e896fd67fac9980caefd03fcc3a9d2d5846ce004,2c64ed8a03016400e36ca0d8ef123f7d0f2f92dbd72a5cea877ec8824fe6a30f
m3,S,M1,Client->server injective agreement,False,HOLDS,HOLDS,HOLDS,True,True,38,1,38,1,37.066,226.352,True,,4.4.9,b5d2ed924716d379fe74f0d0e896fd67fac9980caefd03fcc3a9d2d5846ce004,2c64ed8a03016400e36ca0d8ef123f7d0f2f92dbd72a5cea877ec8824fe6a30f
m3,S,M2,Server->client injective agreement,False,HOLDS,HOLDS,HOLDS,True,True,69,1,69,1,37.066,226.352,True,,4.4.9,b5d2ed924716d379fe74f0d0e896fd67fac9980caefd03fcc3a9d2d5846ce004,2c64ed8a03016400e36ca0d8ef123f7d0f2f92dbd72a5cea877ec8824fe6a30f
m3,S,M3,Client view: c ap traffic key secrecy,False,HOLDS,HOLDS,HOLDS,True,True,13,0,13,0,37.066,226.352,True,,4.4.9,b5d2ed924716d379fe74f0d0e896fd67fac9980caefd03fcc3a9d2d5846ce004,2c64ed8a03016400e36ca0d8ef123f7d0f2f92dbd72a5cea877ec8824fe6a30f
m3,S,M4,Client view: s ap traffic key secrecy,False,HOLDS,HOLDS,HOLDS,True,True,13,0,13,0,37.066,226.352,True,,4.4.9,b5d2ed924716d379fe74f0d0e896fd67fac9980caefd03fcc3a9d2d5846ce004,2c64ed8a03016400e36ca0d8ef123f7d0f2f92dbd72a5cea877ec8824fe6a30f
m3,S,M5,Server view: s ap traffic key secrecy,False,HOLDS,HOLDS,HOLDS,True,True,30,0,30,0,37.066,226.352,True,,4.4.9,b5d2ed924716d379fe74f0d0e896fd67fac9980caefd03fcc3a9d2d5846ce004,2c64ed8a03016400e36ca0d8ef123f7d0f2f92dbd72a5cea877ec8824fe6a30f
m3,S,M6,Server view: c ap traffic key secrecy,False,HOLDS,HOLDS,HOLDS,True,True,30,0,30,0,37.066,226.352,True,,4.4.9,b5d2ed924716d379fe74f0d0e896fd67fac9980caefd03fcc3a9d2d5846ce004,2c64ed8a03016400e36ca0d8ef123f7d0f2f92dbd72a5cea877ec8824fe6a30f
m3,S,M7,"PFS, client view (server key leaked later)",False,HOLDS,HOLDS,HOLDS,True,True,38,0,38,0,37.066,226.352,True,,4.4.9,b5d2ed924716d379fe74f0d0e896fd67fac9980caefd03fcc3a9d2d5846ce004,2c64ed8a03016400e36ca0d8ef123f7d0f2f92dbd72a5cea877ec8824fe6a30f
m3,S,M8,"PFS, server view (client key leaked later)",False,HOLDS,INCOMPLETE,INCOMPLETE,False,False,501,0,2002,0,37.066,226.352,True,INCOMPLETE,4.4.9,b5d2ed924716d379fe74f0d0e896fd67fac9980caefd03fcc3a9d2d5846ce004,2c64ed8a03016400e36ca0d8ef123f7d0f2f92dbd72a5cea877ec8824fe6a30f
m3c,S,S1,Client->server injective agreement,True,HOLDS,HOLDS,HOLDS,True,True,28,1,28,1,44.786,287.045,True,,4.4.9,e9a610fb894f80c07f36badea661f0e19680591d64e2387d5087a26201e39109,2c64ed8a03016400e36ca0d8ef123f7d0f2f92dbd72a5cea877ec8824fe6a30f
m3c,S,S2,Server->client injective agreement,True,VIOLATED,VIOLATED,VIOLATED,True,True,1,1,1,1,44.786,287.045,False,NO_PEER_STRAND,4.4.9,e9a610fb894f80c07f36badea661f0e19680591d64e2387d5087a26201e39109,2c64ed8a03016400e36ca0d8ef123f7d0f2f92dbd72a5cea877ec8824fe6a30f
m3c,S,S3,Client view: c ap traffic key secrecy,True,HOLDS,HOLDS,HOLDS,True,True,13,0,13,0,44.786,287.045,True,,4.4.9,e9a610fb894f80c07f36badea661f0e19680591d64e2387d5087a26201e39109,2c64ed8a03016400e36ca0d8ef123f7d0f2f92dbd72a5cea877ec8824fe6a30f
m3c,S,S4,Client view: s ap traffic key secrecy,True,HOLDS,HOLDS,HOLDS,True,True,13,0,13,0,44.786,287.045,True,,4.4.9,e9a610fb894f80c07f36badea661f0e19680591d64e2387d5087a26201e39109,2c64ed8a03016400e36ca0d8ef123f7d0f2f92dbd72a5cea877ec8824fe6a30f
m3c,S,S5,Server view: s ap traffic key secrecy,True,VIOLATED,VIOLATED,VIOLATED,True,True,2,1,2,1,44.786,287.045,False,NO_PEER_STRAND,4.4.9,e9a610fb894f80c07f36badea661f0e19680591d64e2387d5087a26201e39109,2c64ed8a03016400e36ca0d8ef123f7d0f2f92dbd72a5cea877ec8824fe6a30f
m3c,S,S6,Server view: c ap traffic key secrecy,True,VIOLATED,VIOLATED,VIOLATED,True,True,2,1,2,1,44.786,287.045,False,NO_PEER_STRAND,4.4.9,e9a610fb894f80c07f36badea661f0e19680591d64e2387d5087a26201e39109,2c64ed8a03016400e36ca0d8ef123f7d0f2f92dbd72a5cea877ec8824fe6a30f
m3c,S,S7,"PFS, client view (server key leaked later)",True,HOLDS,HOLDS,HOLDS,True,True,20,0,20,0,44.786,287.045,True,,4.4.9,e9a610fb894f80c07f36badea661f0e19680591d64e2387d5087a26201e39109,2c64ed8a03016400e36ca0d8ef123f7d0f2f92dbd72a5cea877ec8824fe6a30f
m3c,S,S8,"PFS, server view (server key leaked later)",True,VIOLATED,VIOLATED,VIOLATED,True,True,5,1,5,1,44.786,287.045,False,NO_PEER_STRAND,4.4.9,e9a610fb894f80c07f36badea661f0e19680591d64e2387d5087a26201e39109,2c64ed8a03016400e36ca0d8ef123f7d0f2f92dbd72a5cea877ec8824fe6a30f
m3c,S,M1,Client->server injective agreement,False,HOLDS,HOLDS,HOLDS,True,True,38,1,38,1,44.786,287.045,True,,4.4.9,e9a610fb894f80c07f36badea661f0e19680591d64e2387d5087a26201e39109,2c64ed8a03016400e36ca0d8ef123f7d0f2f92dbd72a5cea877ec8824fe6a30f
m3c,S,M2,Server->client injective agreement,False,HOLDS,HOLDS,HOLDS,True,True,69,1,69,1,44.786,287.045,True,,4.4.9,e9a610fb894f80c07f36badea661f0e19680591d64e2387d5087a26201e39109,2c64ed8a03016400e36ca0d8ef123f7d0f2f92dbd72a5cea877ec8824fe6a30f
m3c,S,M3,Client view: c ap traffic key secrecy,False,HOLDS,HOLDS,HOLDS,True,True,13,0,13,0,44.786,287.045,True,,4.4.9,e9a610fb894f80c07f36badea661f0e19680591d64e2387d5087a26201e39109,2c64ed8a03016400e36ca0d8ef123f7d0f2f92dbd72a5cea877ec8824fe6a30f
m3c,S,M4,Client view: s ap traffic key secrecy,False,HOLDS,HOLDS,HOLDS,True,True,13,0,13,0,44.786,287.045,True,,4.4.9,e9a610fb894f80c07f36badea661f0e19680591d64e2387d5087a26201e39109,2c64ed8a03016400e36ca0d8ef123f7d0f2f92dbd72a5cea877ec8824fe6a30f
m3c,S,M5,Server view: s ap traffic key secrecy,False,HOLDS,HOLDS,HOLDS,True,True,30,0,30,0,44.786,287.045,True,,4.4.9,e9a610fb894f80c07f36badea661f0e19680591d64e2387d5087a26201e39109,2c64ed8a03016400e36ca0d8ef123f7d0f2f92dbd72a5cea877ec8824fe6a30f
m3c,S,M6,Server view: c ap traffic key secrecy,False,HOLDS,HOLDS,HOLDS,True,True,30,0,30,0,44.786,287.045,True,,4.4.9,e9a610fb894f80c07f36badea661f0e19680591d64e2387d5087a26201e39109,2c64ed8a03016400e36ca0d8ef123f7d0f2f92dbd72a5cea877ec8824fe6a30f
m3c,S,M7,"PFS, client view (server key leaked later)",False,HOLDS,HOLDS,HOLDS,True,True,38,0,38,0,44.786,287.045,True,,4.4.9,e9a610fb894f80c07f36badea661f0e19680591d64e2387d5087a26201e39109,2c64ed8a03016400e36ca0d8ef123f7d0f2f92dbd72a5cea877ec8824fe6a30f
m3c,S,M8,"PFS, server view (client key leaked later)",False,HOLDS,INCOMPLETE,INCOMPLETE,False,False,501,0,2002,0,44.786,287.045,True,INCOMPLETE,4.4.9,e9a610fb894f80c07f36badea661f0e19680591d64e2387d5087a26201e39109,2c64ed8a03016400e36ca0d8ef123f7d0f2f92dbd72a5cea877ec8824fe6a30f
m3s,S,S1,Client->server injective agreement,True,HOLDS,HOLDS,HOLDS,True,True,38,1,38,1,44.271,286.427,True,,4.4.9,3b130d9bc1b32824b0a27f6d48c9d95c4d4d7594520daf9e18515077e1afc745,2c64ed8a03016400e36ca0d8ef123f7d0f2f92dbd72a5cea877ec8824fe6a30f
m3s,S,S2,Server->client injective agreement,True,VIOLATED,VIOLATED,VIOLATED,True,True,1,1,1,1,44.271,286.427,False,NO_PEER_STRAND,4.4.9,3b130d9bc1b32824b0a27f6d48c9d95c4d4d7594520daf9e18515077e1afc745,2c64ed8a03016400e36ca0d8ef123f7d0f2f92dbd72a5cea877ec8824fe6a30f
m3s,S,S3,Client view: c ap traffic key secrecy,True,HOLDS,HOLDS,HOLDS,True,True,13,0,13,0,44.271,286.427,True,,4.4.9,3b130d9bc1b32824b0a27f6d48c9d95c4d4d7594520daf9e18515077e1afc745,2c64ed8a03016400e36ca0d8ef123f7d0f2f92dbd72a5cea877ec8824fe6a30f
m3s,S,S4,Client view: s ap traffic key secrecy,True,HOLDS,HOLDS,HOLDS,True,True,13,0,13,0,44.271,286.427,True,,4.4.9,3b130d9bc1b32824b0a27f6d48c9d95c4d4d7594520daf9e18515077e1afc745,2c64ed8a03016400e36ca0d8ef123f7d0f2f92dbd72a5cea877ec8824fe6a30f
m3s,S,S5,Server view: s ap traffic key secrecy,True,VIOLATED,VIOLATED,VIOLATED,True,True,2,1,2,1,44.271,286.427,False,NO_PEER_STRAND,4.4.9,3b130d9bc1b32824b0a27f6d48c9d95c4d4d7594520daf9e18515077e1afc745,2c64ed8a03016400e36ca0d8ef123f7d0f2f92dbd72a5cea877ec8824fe6a30f
m3s,S,S6,Server view: c ap traffic key secrecy,True,VIOLATED,VIOLATED,VIOLATED,True,True,2,1,2,1,44.271,286.427,False,NO_PEER_STRAND,4.4.9,3b130d9bc1b32824b0a27f6d48c9d95c4d4d7594520daf9e18515077e1afc745,2c64ed8a03016400e36ca0d8ef123f7d0f2f92dbd72a5cea877ec8824fe6a30f
m3s,S,S7,"PFS, client view (server key leaked later)",True,HOLDS,HOLDS,HOLDS,True,True,20,0,20,0,44.271,286.427,True,,4.4.9,3b130d9bc1b32824b0a27f6d48c9d95c4d4d7594520daf9e18515077e1afc745,2c64ed8a03016400e36ca0d8ef123f7d0f2f92dbd72a5cea877ec8824fe6a30f
m3s,S,S8,"PFS, server view (server key leaked later)",True,VIOLATED,VIOLATED,VIOLATED,True,True,5,1,5,1,44.271,286.427,False,NO_PEER_STRAND,4.4.9,3b130d9bc1b32824b0a27f6d48c9d95c4d4d7594520daf9e18515077e1afc745,2c64ed8a03016400e36ca0d8ef123f7d0f2f92dbd72a5cea877ec8824fe6a30f
m3s,S,M1,Client->server injective agreement,False,HOLDS,HOLDS,HOLDS,True,True,38,1,38,1,44.271,286.427,True,,4.4.9,3b130d9bc1b32824b0a27f6d48c9d95c4d4d7594520daf9e18515077e1afc745,2c64ed8a03016400e36ca0d8ef123f7d0f2f92dbd72a5cea877ec8824fe6a30f
m3s,S,M2,Server->client injective agreement,False,HOLDS,HOLDS,HOLDS,True,True,69,1,69,1,44.271,286.427,True,,4.4.9,3b130d9bc1b32824b0a27f6d48c9d95c4d4d7594520daf9e18515077e1afc745,2c64ed8a03016400e36ca0d8ef123f7d0f2f92dbd72a5cea877ec8824fe6a30f
m3s,S,M3,Client view: c ap traffic key secrecy,False,HOLDS,HOLDS,HOLDS,True,True,13,0,13,0,44.271,286.427,True,,4.4.9,3b130d9bc1b32824b0a27f6d48c9d95c4d4d7594520daf9e18515077e1afc745,2c64ed8a03016400e36ca0d8ef123f7d0f2f92dbd72a5cea877ec8824fe6a30f
m3s,S,M4,Client view: s ap traffic key secrecy,False,HOLDS,HOLDS,HOLDS,True,True,13,0,13,0,44.271,286.427,True,,4.4.9,3b130d9bc1b32824b0a27f6d48c9d95c4d4d7594520daf9e18515077e1afc745,2c64ed8a03016400e36ca0d8ef123f7d0f2f92dbd72a5cea877ec8824fe6a30f
m3s,S,M5,Server view: s ap traffic key secrecy,False,HOLDS,HOLDS,HOLDS,True,True,30,0,30,0,44.271,286.427,True,,4.4.9,3b130d9bc1b32824b0a27f6d48c9d95c4d4d7594520daf9e18515077e1afc745,2c64ed8a03016400e36ca0d8ef123f7d0f2f92dbd72a5cea877ec8824fe6a30f
m3s,S,M6,Server view: c ap traffic key secrecy,False,HOLDS,HOLDS,HOLDS,True,True,30,0,30,0,44.271,286.427,True,,4.4.9,3b130d9bc1b32824b0a27f6d48c9d95c4d4d7594520daf9e18515077e1afc745,2c64ed8a03016400e36ca0d8ef123f7d0f2f92dbd72a5cea877ec8824fe6a30f
m3s,S,M7,"PFS, client view (server key leaked later)",False,HOLDS,HOLDS,HOLDS,True,True,38,0,38,0,44.271,286.427,True,,4.4.9,3b130d9bc1b32824b0a27f6d48c9d95c4d4d7594520daf9e18515077e1afc745,2c64ed8a03016400e36ca0d8ef123f7d0f2f92dbd72a5cea877ec8824fe6a30f
m3s,S,M8,"PFS, server view (client key leaked later)",False,HOLDS,INCOMPLETE,INCOMPLETE,False,False,501,0,2002,0,44.271,286.427,True,INCOMPLETE,4.4.9,3b130d9bc1b32824b0a27f6d48c9d95c4d4d7594520daf9e18515077e1afc745,2c64ed8a03016400e36ca0d8ef123f7d0f2f92dbd72a5cea877ec8824fe6a30f
m4,S,S1,Client->server injective agreement,True,VIOLATED,VIOLATED,VIOLATED,True,True,4,1,4,1,11.053,11.057,True,,4.4.9,7fbce363ecb6a5b33f1abd309d8be0983552e92652142382c929e971b277520d,2c64ed8a03016400e36ca0d8ef123f7d0f2f92dbd72a5cea877ec8824fe6a30f
m4,S,S2,Server->client injective agreement,True,VIOLATED,VIOLATED,VIOLATED,True,True,1,1,1,1,11.053,11.057,False,NO_PEER_STRAND,4.4.9,7fbce363ecb6a5b33f1abd309d8be0983552e92652142382c929e971b277520d,2c64ed8a03016400e36ca0d8ef123f7d0f2f92dbd72a5cea877ec8824fe6a30f
m4,S,S3,Client view: c ap traffic key secrecy,True,VIOLATED,VIOLATED,VIOLATED,True,True,5,1,5,1,11.053,11.057,True,,4.4.9,7fbce363ecb6a5b33f1abd309d8be0983552e92652142382c929e971b277520d,2c64ed8a03016400e36ca0d8ef123f7d0f2f92dbd72a5cea877ec8824fe6a30f
m4,S,S4,Client view: s ap traffic key secrecy,True,VIOLATED,VIOLATED,VIOLATED,True,True,5,1,5,1,11.053,11.057,True,,4.4.9,7fbce363ecb6a5b33f1abd309d8be0983552e92652142382c929e971b277520d,2c64ed8a03016400e36ca0d8ef123f7d0f2f92dbd72a5cea877ec8824fe6a30f
m4,S,S5,Server view: s ap traffic key secrecy,True,VIOLATED,VIOLATED,VIOLATED,True,True,2,1,2,1,11.053,11.057,False,NO_PEER_STRAND,4.4.9,7fbce363ecb6a5b33f1abd309d8be0983552e92652142382c929e971b277520d,2c64ed8a03016400e36ca0d8ef123f7d0f2f92dbd72a5cea877ec8824fe6a30f
m4,S,S6,Server view: c ap traffic key secrecy,True,VIOLATED,VIOLATED,VIOLATED,True,True,2,1,2,1,11.053,11.057,False,NO_PEER_STRAND,4.4.9,7fbce363ecb6a5b33f1abd309d8be0983552e92652142382c929e971b277520d,2c64ed8a03016400e36ca0d8ef123f7d0f2f92dbd72a5cea877ec8824fe6a30f
m4,S,S7,"PFS, client view (server key leaked later)",True,VIOLATED,VIOLATED,VIOLATED,True,True,10,1,10,1,11.053,11.057,True,,4.4.9,7fbce363ecb6a5b33f1abd309d8be0983552e92652142382c929e971b277520d,2c64ed8a03016400e36ca0d8ef123f7d0f2f92dbd72a5cea877ec8824fe6a30f
m4,S,S8,"PFS, server view (server key leaked later)",True,VIOLATED,VIOLATED,VIOLATED,True,True,5,1,5,1,11.053,11.057,False,NO_PEER_STRAND,4.4.9,7fbce363ecb6a5b33f1abd309d8be0983552e92652142382c929e971b277520d,2c64ed8a03016400e36ca0d8ef123f7d0f2f92dbd72a5cea877ec8824fe6a30f
m4,S,M1,Client->server injective agreement,False,VIOLATED,VIOLATED,VIOLATED,True,True,4,1,4,1,11.053,11.057,True,,4.4.9,7fbce363ecb6a5b33f1abd309d8be0983552e92652142382c929e971b277520d,2c64ed8a03016400e36ca0d8ef123f7d0f2f92dbd72a5cea877ec8824fe6a30f
m4,S,M2,Server->client injective agreement,False,HOLDS,HOLDS,HOLDS,True,True,69,1,69,1,11.053,11.057,True,,4.4.9,7fbce363ecb6a5b33f1abd309d8be0983552e92652142382c929e971b277520d,2c64ed8a03016400e36ca0d8ef123f7d0f2f92dbd72a5cea877ec8824fe6a30f
m4,S,M3,Client view: c ap traffic key secrecy,False,VIOLATED,VIOLATED,VIOLATED,True,True,5,1,5,1,11.053,11.057,True,,4.4.9,7fbce363ecb6a5b33f1abd309d8be0983552e92652142382c929e971b277520d,2c64ed8a03016400e36ca0d8ef123f7d0f2f92dbd72a5cea877ec8824fe6a30f
m4,S,M4,Client view: s ap traffic key secrecy,False,VIOLATED,VIOLATED,VIOLATED,True,True,5,1,5,1,11.053,11.057,True,,4.4.9,7fbce363ecb6a5b33f1abd309d8be0983552e92652142382c929e971b277520d,2c64ed8a03016400e36ca0d8ef123f7d0f2f92dbd72a5cea877ec8824fe6a30f
m4,S,M5,Server view: s ap traffic key secrecy,False,HOLDS,HOLDS,HOLDS,True,True,30,0,30,0,11.053,11.057,True,,4.4.9,7fbce363ecb6a5b33f1abd309d8be0983552e92652142382c929e971b277520d,2c64ed8a03016400e36ca0d8ef123f7d0f2f92dbd72a5cea877ec8824fe6a30f
m4,S,M6,Server view: c ap traffic key secrecy,False,HOLDS,HOLDS,HOLDS,True,True,30,0,30,0,11.053,11.057,True,,4.4.9,7fbce363ecb6a5b33f1abd309d8be0983552e92652142382c929e971b277520d,2c64ed8a03016400e36ca0d8ef123f7d0f2f92dbd72a5cea877ec8824fe6a30f
m4,S,M7,"PFS, client view (server key leaked later)",False,VIOLATED,VIOLATED,VIOLATED,True,True,18,2,18,2,11.053,11.057,True,,4.4.9,7fbce363ecb6a5b33f1abd309d8be0983552e92652142382c929e971b277520d,2c64ed8a03016400e36ca0d8ef123f7d0f2f92dbd72a5cea877ec8824fe6a30f
m4,S,M8,"PFS, server view (client key leaked later)",False,HOLDS,INCOMPLETE,INCOMPLETE,False,False,190,0,190,0,11.053,11.057,True,INCOMPLETE,4.4.9,7fbce363ecb6a5b33f1abd309d8be0983552e92652142382c929e971b277520d,2c64ed8a03016400e36ca0d8ef123f7d0f2f92dbd72a5cea877ec8824fe6a30f
m4c,S,S1,Client->server injective agreement,True,HOLDS,HOLDS,HOLDS,True,True,38,1,38,1,19.218,19.196,True,,4.4.9,76335d38f71dcac1b1bb94cdcdaa6d6fdde5f3f09fc81a3fe022d8a7f6894b0e,2c64ed8a03016400e36ca0d8ef123f7d0f2f92dbd72a5cea877ec8824fe6a30f
m4c,S,S2,Server->client injective agreement,True,VIOLATED,VIOLATED,VIOLATED,True,True,1,1,1,1,19.218,19.196,False,NO_PEER_STRAND,4.4.9,76335d38f71dcac1b1bb94cdcdaa6d6fdde5f3f09fc81a3fe022d8a7f6894b0e,2c64ed8a03016400e36ca0d8ef123f7d0f2f92dbd72a5cea877ec8824fe6a30f
m4c,S,S3,Client view: c ap traffic key secrecy,True,HOLDS,HOLDS,HOLDS,True,True,13,0,13,0,19.218,19.196,True,,4.4.9,76335d38f71dcac1b1bb94cdcdaa6d6fdde5f3f09fc81a3fe022d8a7f6894b0e,2c64ed8a03016400e36ca0d8ef123f7d0f2f92dbd72a5cea877ec8824fe6a30f
m4c,S,S4,Client view: s ap traffic key secrecy,True,HOLDS,HOLDS,HOLDS,True,True,13,0,13,0,19.218,19.196,True,,4.4.9,76335d38f71dcac1b1bb94cdcdaa6d6fdde5f3f09fc81a3fe022d8a7f6894b0e,2c64ed8a03016400e36ca0d8ef123f7d0f2f92dbd72a5cea877ec8824fe6a30f
m4c,S,S5,Server view: s ap traffic key secrecy,True,VIOLATED,VIOLATED,VIOLATED,True,True,2,1,2,1,19.218,19.196,False,NO_PEER_STRAND,4.4.9,76335d38f71dcac1b1bb94cdcdaa6d6fdde5f3f09fc81a3fe022d8a7f6894b0e,2c64ed8a03016400e36ca0d8ef123f7d0f2f92dbd72a5cea877ec8824fe6a30f
m4c,S,S6,Server view: c ap traffic key secrecy,True,VIOLATED,VIOLATED,VIOLATED,True,True,2,1,2,1,19.218,19.196,False,NO_PEER_STRAND,4.4.9,76335d38f71dcac1b1bb94cdcdaa6d6fdde5f3f09fc81a3fe022d8a7f6894b0e,2c64ed8a03016400e36ca0d8ef123f7d0f2f92dbd72a5cea877ec8824fe6a30f
m4c,S,S7,"PFS, client view (server key leaked later)",True,HOLDS,HOLDS,HOLDS,True,True,20,0,20,0,19.218,19.196,True,,4.4.9,76335d38f71dcac1b1bb94cdcdaa6d6fdde5f3f09fc81a3fe022d8a7f6894b0e,2c64ed8a03016400e36ca0d8ef123f7d0f2f92dbd72a5cea877ec8824fe6a30f
m4c,S,S8,"PFS, server view (server key leaked later)",True,VIOLATED,VIOLATED,VIOLATED,True,True,5,1,5,1,19.218,19.196,False,NO_PEER_STRAND,4.4.9,76335d38f71dcac1b1bb94cdcdaa6d6fdde5f3f09fc81a3fe022d8a7f6894b0e,2c64ed8a03016400e36ca0d8ef123f7d0f2f92dbd72a5cea877ec8824fe6a30f
m4c,S,M1,Client->server injective agreement,False,HOLDS,HOLDS,HOLDS,True,True,38,1,38,1,19.218,19.196,True,,4.4.9,76335d38f71dcac1b1bb94cdcdaa6d6fdde5f3f09fc81a3fe022d8a7f6894b0e,2c64ed8a03016400e36ca0d8ef123f7d0f2f92dbd72a5cea877ec8824fe6a30f
m4c,S,M2,Server->client injective agreement,False,VIOLATED,VIOLATED,VIOLATED,True,True,9,1,9,1,19.218,19.196,True,,4.4.9,76335d38f71dcac1b1bb94cdcdaa6d6fdde5f3f09fc81a3fe022d8a7f6894b0e,2c64ed8a03016400e36ca0d8ef123f7d0f2f92dbd72a5cea877ec8824fe6a30f
m4c,S,M3,Client view: c ap traffic key secrecy,False,HOLDS,HOLDS,HOLDS,True,True,13,0,13,0,19.218,19.196,True,,4.4.9,76335d38f71dcac1b1bb94cdcdaa6d6fdde5f3f09fc81a3fe022d8a7f6894b0e,2c64ed8a03016400e36ca0d8ef123f7d0f2f92dbd72a5cea877ec8824fe6a30f
m4c,S,M4,Client view: s ap traffic key secrecy,False,HOLDS,HOLDS,HOLDS,True,True,13,0,13,0,19.218,19.196,True,,4.4.9,76335d38f71dcac1b1bb94cdcdaa6d6fdde5f3f09fc81a3fe022d8a7f6894b0e,2c64ed8a03016400e36ca0d8ef123f7d0f2f92dbd72a5cea877ec8824fe6a30f
m4c,S,M5,Server view: s ap traffic key secrecy,False,VIOLATED,VIOLATED,VIOLATED,True,True,10,1,10,1,19.218,19.196,True,,4.4.9,76335d38f71dcac1b1bb94cdcdaa6d6fdde5f3f09fc81a3fe022d8a7f6894b0e,2c64ed8a03016400e36ca0d8ef123f7d0f2f92dbd72a5cea877ec8824fe6a30f
m4c,S,M6,Server view: c ap traffic key secrecy,False,VIOLATED,VIOLATED,VIOLATED,True,True,10,1,10,1,19.218,19.196,True,,4.4.9,76335d38f71dcac1b1bb94cdcdaa6d6fdde5f3f09fc81a3fe022d8a7f6894b0e,2c64ed8a03016400e36ca0d8ef123f7d0f2f92dbd72a5cea877ec8824fe6a30f
m4c,S,M7,"PFS, client view (server key leaked later)",False,HOLDS,HOLDS,HOLDS,True,True,38,0,38,0,19.218,19.196,True,,4.4.9,76335d38f71dcac1b1bb94cdcdaa6d6fdde5f3f09fc81a3fe022d8a7f6894b0e,2c64ed8a03016400e36ca0d8ef123f7d0f2f92dbd72a5cea877ec8824fe6a30f
m4c,S,M8,"PFS, server view (client key leaked later)",False,VIOLATED,VIOLATED,VIOLATED,True,True,125,2,125,2,19.218,19.196,True,,4.4.9,76335d38f71dcac1b1bb94cdcdaa6d6fdde5f3f09fc81a3fe022d8a7f6894b0e,2c64ed8a03016400e36ca0d8ef123f7d0f2f92dbd72a5cea877ec8824fe6a30f
m5,M,S1,Client->server injective agreement,False,HOLDS,HOLDS,HOLDS,True,True,38,1,38,1,57.620,390.641,True,,4.4.9,4752c3cfc045f37fdfec9780d96b228b1e2d8f1ce18ebc3e3779ad32105849e3,2c64ed8a03016400e36ca0d8ef123f7d0f2f92dbd72a5cea877ec8824fe6a30f
m5,M,S2,Server->client injective agreement,False,VIOLATED,VIOLATED,VIOLATED,True,True,1,1,1,1,57.620,390.641,False,NO_PEER_STRAND,4.4.9,4752c3cfc045f37fdfec9780d96b228b1e2d8f1ce18ebc3e3779ad32105849e3,2c64ed8a03016400e36ca0d8ef123f7d0f2f92dbd72a5cea877ec8824fe6a30f
m5,M,S3,Client view: c ap traffic key secrecy,False,HOLDS,HOLDS,HOLDS,True,True,13,0,13,0,57.620,390.641,True,,4.4.9,4752c3cfc045f37fdfec9780d96b228b1e2d8f1ce18ebc3e3779ad32105849e3,2c64ed8a03016400e36ca0d8ef123f7d0f2f92dbd72a5cea877ec8824fe6a30f
m5,M,S4,Client view: s ap traffic key secrecy,False,HOLDS,HOLDS,HOLDS,True,True,13,0,13,0,57.620,390.641,True,,4.4.9,4752c3cfc045f37fdfec9780d96b228b1e2d8f1ce18ebc3e3779ad32105849e3,2c64ed8a03016400e36ca0d8ef123f7d0f2f92dbd72a5cea877ec8824fe6a30f
m5,M,S5,Server view: s ap traffic key secrecy,False,VIOLATED,VIOLATED,VIOLATED,True,True,2,1,2,1,57.620,390.641,False,NO_PEER_STRAND,4.4.9,4752c3cfc045f37fdfec9780d96b228b1e2d8f1ce18ebc3e3779ad32105849e3,2c64ed8a03016400e36ca0d8ef123f7d0f2f92dbd72a5cea877ec8824fe6a30f
m5,M,S6,Server view: c ap traffic key secrecy,False,VIOLATED,VIOLATED,VIOLATED,True,True,2,1,2,1,57.620,390.641,False,NO_PEER_STRAND,4.4.9,4752c3cfc045f37fdfec9780d96b228b1e2d8f1ce18ebc3e3779ad32105849e3,2c64ed8a03016400e36ca0d8ef123f7d0f2f92dbd72a5cea877ec8824fe6a30f
m5,M,S7,"PFS, client view (server key leaked later)",False,HOLDS,HOLDS,HOLDS,True,True,20,0,20,0,57.620,390.641,True,,4.4.9,4752c3cfc045f37fdfec9780d96b228b1e2d8f1ce18ebc3e3779ad32105849e3,2c64ed8a03016400e36ca0d8ef123f7d0f2f92dbd72a5cea877ec8824fe6a30f
m5,M,S8,"PFS, server view (server key leaked later)",False,VIOLATED,VIOLATED,VIOLATED,True,True,5,1,5,1,57.620,390.641,False,NO_PEER_STRAND,4.4.9,4752c3cfc045f37fdfec9780d96b228b1e2d8f1ce18ebc3e3779ad32105849e3,2c64ed8a03016400e36ca0d8ef123f7d0f2f92dbd72a5cea877ec8824fe6a30f
m5,M,M1,Client->server injective agreement,True,HOLDS,HOLDS,HOLDS,True,True,38,1,38,1,57.620,390.641,True,,4.4.9,4752c3cfc045f37fdfec9780d96b228b1e2d8f1ce18ebc3e3779ad32105849e3,2c64ed8a03016400e36ca0d8ef123f7d0f2f92dbd72a5cea877ec8824fe6a30f
m5,M,M2,Server->client injective agreement,True,HOLDS,HOLDS,HOLDS,True,True,69,1,69,1,57.620,390.641,True,,4.4.9,4752c3cfc045f37fdfec9780d96b228b1e2d8f1ce18ebc3e3779ad32105849e3,2c64ed8a03016400e36ca0d8ef123f7d0f2f92dbd72a5cea877ec8824fe6a30f
m5,M,M3,Client view: c ap traffic key secrecy,True,HOLDS,HOLDS,HOLDS,True,True,13,0,13,0,57.620,390.641,True,,4.4.9,4752c3cfc045f37fdfec9780d96b228b1e2d8f1ce18ebc3e3779ad32105849e3,2c64ed8a03016400e36ca0d8ef123f7d0f2f92dbd72a5cea877ec8824fe6a30f
m5,M,M4,Client view: s ap traffic key secrecy,True,HOLDS,HOLDS,HOLDS,True,True,13,0,13,0,57.620,390.641,True,,4.4.9,4752c3cfc045f37fdfec9780d96b228b1e2d8f1ce18ebc3e3779ad32105849e3,2c64ed8a03016400e36ca0d8ef123f7d0f2f92dbd72a5cea877ec8824fe6a30f
m5,M,M5,Server view: s ap traffic key secrecy,True,HOLDS,HOLDS,HOLDS,True,True,30,0,30,0,57.620,390.641,True,,4.4.9,4752c3cfc045f37fdfec9780d96b228b1e2d8f1ce18ebc3e3779ad32105849e3,2c64ed8a03016400e36ca0d8ef123f7d0f2f92dbd72a5cea877ec8824fe6a30f
m5,M,M6,Server view: c ap traffic key secrecy,True,HOLDS,HOLDS,HOLDS,True,True,30,0,30,0,57.620,390.641,True,,4.4.9,4752c3cfc045f37fdfec9780d96b228b1e2d8f1ce18ebc3e3779ad32105849e3,2c64ed8a03016400e36ca0d8ef123f7d0f2f92dbd72a5cea877ec8824fe6a30f
m5,M,M7,"PFS, client view (server key leaked later)",True,HOLDS,HOLDS,HOLDS,True,True,38,0,38,0,57.620,390.641,True,,4.4.9,4752c3cfc045f37fdfec9780d96b228b1e2d8f1ce18ebc3e3779ad32105849e3,2c64ed8a03016400e36ca0d8ef123f7d0f2f92dbd72a5cea877ec8824fe6a30f
m5,M,M8,"PFS, server view (client key leaked later)",True,HOLDS,INCOMPLETE,INCOMPLETE,False,False,501,0,2002,0,57.620,390.641,True,INCOMPLETE,4.4.9,4752c3cfc045f37fdfec9780d96b228b1e2d8f1ce18ebc3e3779ad32105849e3,2c64ed8a03016400e36ca0d8ef123f7d0f2f92dbd72a5cea877ec8824fe6a30f
m6,M,S1,Client->server injective agreement,False,HOLDS,HOLDS,HOLDS,True,True,38,1,38,1,61.820,314.641,True,,4.4.9,1eff28f2e38bb76d32c6b1f812df1aa194a03031dda389af282d5351b8117179,2c64ed8a03016400e36ca0d8ef123f7d0f2f92dbd72a5cea877ec8824fe6a30f
m6,M,S2,Server->client injective agreement,False,VIOLATED,VIOLATED,VIOLATED,True,True,1,1,1,1,61.820,314.641,False,NO_PEER_STRAND,4.4.9,1eff28f2e38bb76d32c6b1f812df1aa194a03031dda389af282d5351b8117179,2c64ed8a03016400e36ca0d8ef123f7d0f2f92dbd72a5cea877ec8824fe6a30f
m6,M,S3,Client view: c ap traffic key secrecy,False,HOLDS,HOLDS,HOLDS,True,True,13,0,13,0,61.820,314.641,True,,4.4.9,1eff28f2e38bb76d32c6b1f812df1aa194a03031dda389af282d5351b8117179,2c64ed8a03016400e36ca0d8ef123f7d0f2f92dbd72a5cea877ec8824fe6a30f
m6,M,S4,Client view: s ap traffic key secrecy,False,HOLDS,HOLDS,HOLDS,True,True,13,0,13,0,61.820,314.641,True,,4.4.9,1eff28f2e38bb76d32c6b1f812df1aa194a03031dda389af282d5351b8117179,2c64ed8a03016400e36ca0d8ef123f7d0f2f92dbd72a5cea877ec8824fe6a30f
m6,M,S5,Server view: s ap traffic key secrecy,False,VIOLATED,VIOLATED,VIOLATED,True,True,2,1,2,1,61.820,314.641,False,NO_PEER_STRAND,4.4.9,1eff28f2e38bb76d32c6b1f812df1aa194a03031dda389af282d5351b8117179,2c64ed8a03016400e36ca0d8ef123f7d0f2f92dbd72a5cea877ec8824fe6a30f
m6,M,S6,Server view: c ap traffic key secrecy,False,VIOLATED,VIOLATED,VIOLATED,True,True,2,1,2,1,61.820,314.641,False,NO_PEER_STRAND,4.4.9,1eff28f2e38bb76d32c6b1f812df1aa194a03031dda389af282d5351b8117179,2c64ed8a03016400e36ca0d8ef123f7d0f2f92dbd72a5cea877ec8824fe6a30f
m6,M,S7,"PFS, client view (server key leaked later)",False,HOLDS,HOLDS,HOLDS,True,True,20,0,20,0,61.820,314.641,True,,4.4.9,1eff28f2e38bb76d32c6b1f812df1aa194a03031dda389af282d5351b8117179,2c64ed8a03016400e36ca0d8ef123f7d0f2f92dbd72a5cea877ec8824fe6a30f
m6,M,S8,"PFS, server view (server key leaked later)",False,VIOLATED,VIOLATED,VIOLATED,True,True,5,1,5,1,61.820,314.641,False,NO_PEER_STRAND,4.4.9,1eff28f2e38bb76d32c6b1f812df1aa194a03031dda389af282d5351b8117179,2c64ed8a03016400e36ca0d8ef123f7d0f2f92dbd72a5cea877ec8824fe6a30f
m6,M,M1,Client->server injective agreement,True,HOLDS,HOLDS,HOLDS,True,True,38,1,38,1,61.820,314.641,True,,4.4.9,1eff28f2e38bb76d32c6b1f812df1aa194a03031dda389af282d5351b8117179,2c64ed8a03016400e36ca0d8ef123f7d0f2f92dbd72a5cea877ec8824fe6a30f
m6,M,M2,Server->client injective agreement,True,VIOLATED,VIOLATED,VIOLATED,True,True,4,2,4,2,61.820,314.641,True,,4.4.9,1eff28f2e38bb76d32c6b1f812df1aa194a03031dda389af282d5351b8117179,2c64ed8a03016400e36ca0d8ef123f7d0f2f92dbd72a5cea877ec8824fe6a30f
m6,M,M3,Client view: c ap traffic key secrecy,True,HOLDS,HOLDS,HOLDS,True,True,13,0,13,0,61.820,314.641,True,,4.4.9,1eff28f2e38bb76d32c6b1f812df1aa194a03031dda389af282d5351b8117179,2c64ed8a03016400e36ca0d8ef123f7d0f2f92dbd72a5cea877ec8824fe6a30f
m6,M,M4,Client view: s ap traffic key secrecy,True,HOLDS,HOLDS,HOLDS,True,True,13,0,13,0,61.820,314.641,True,,4.4.9,1eff28f2e38bb76d32c6b1f812df1aa194a03031dda389af282d5351b8117179,2c64ed8a03016400e36ca0d8ef123f7d0f2f92dbd72a5cea877ec8824fe6a30f
m6,M,M5,Server view: s ap traffic key secrecy,True,VIOLATED,VIOLATED,VIOLATED,True,True,5,2,5,2,61.820,314.641,True,,4.4.9,1eff28f2e38bb76d32c6b1f812df1aa194a03031dda389af282d5351b8117179,2c64ed8a03016400e36ca0d8ef123f7d0f2f92dbd72a5cea877ec8824fe6a30f
m6,M,M6,Server view: c ap traffic key secrecy,True,VIOLATED,VIOLATED,VIOLATED,True,True,5,2,5,2,61.820,314.641,True,,4.4.9,1eff28f2e38bb76d32c6b1f812df1aa194a03031dda389af282d5351b8117179,2c64ed8a03016400e36ca0d8ef123f7d0f2f92dbd72a5cea877ec8824fe6a30f
m6,M,M7,"PFS, client view (server key leaked later)",True,HOLDS,HOLDS,HOLDS,True,True,38,0,38,0,61.820,314.641,True,,4.4.9,1eff28f2e38bb76d32c6b1f812df1aa194a03031dda389af282d5351b8117179,2c64ed8a03016400e36ca0d8ef123f7d0f2f92dbd72a5cea877ec8824fe6a30f
m6,M,M8,"PFS, server view (client key leaked later)",True,VIOLATED,VIOLATED,VIOLATED,False,False,503,3,2003,3,61.820,314.641,True,,4.4.9,1eff28f2e38bb76d32c6b1f812df1aa194a03031dda389af282d5351b8117179,2c64ed8a03016400e36ca0d8ef123f7d0f2f92dbd72a5cea877ec8824fe6a30f
m7,M,S1,Client->server injective agreement,False,HOLDS,ERROR,ERROR,False,False,0,0,0,0,0.022,0.033,False,CPSA_REJECTED_INPUT,?,26958fd96ef029a623e416405fc0ad67b1fbbeb19a475c5bb39133242e991e2a,2c64ed8a03016400e36ca0d8ef123f7d0f2f92dbd72a5cea877ec8824fe6a30f
m7,M,S2,Server->client injective agreement,False,VIOLATED,ERROR,ERROR,False,False,0,0,0,0,0.022,0.033,False,CPSA_REJECTED_INPUT,?,26958fd96ef029a623e416405fc0ad67b1fbbeb19a475c5bb39133242e991e2a,2c64ed8a03016400e36ca0d8ef123f7d0f2f92dbd72a5cea877ec8824fe6a30f
m7,M,S3,Client view: c ap traffic key secrecy,False,HOLDS,ERROR,ERROR,False,False,0,0,0,0,0.022,0.033,False,CPSA_REJECTED_INPUT,?,26958fd96ef029a623e416405fc0ad67b1fbbeb19a475c5bb39133242e991e2a,2c64ed8a03016400e36ca0d8ef123f7d0f2f92dbd72a5cea877ec8824fe6a30f
m7,M,S4,Client view: s ap traffic key secrecy,False,HOLDS,ERROR,ERROR,False,False,0,0,0,0,0.022,0.033,False,CPSA_REJECTED_INPUT,?,26958fd96ef029a623e416405fc0ad67b1fbbeb19a475c5bb39133242e991e2a,2c64ed8a03016400e36ca0d8ef123f7d0f2f92dbd72a5cea877ec8824fe6a30f
m7,M,S5,Server view: s ap traffic key secrecy,False,VIOLATED,ERROR,ERROR,False,False,0,0,0,0,0.022,0.033,False,CPSA_REJECTED_INPUT,?,26958fd96ef029a623e416405fc0ad67b1fbbeb19a475c5bb39133242e991e2a,2c64ed8a03016400e36ca0d8ef123f7d0f2f92dbd72a5cea877ec8824fe6a30f
m7,M,S6,Server view: c ap traffic key secrecy,False,VIOLATED,ERROR,ERROR,False,False,0,0,0,0,0.022,0.033,False,CPSA_REJECTED_INPUT,?,26958fd96ef029a623e416405fc0ad67b1fbbeb19a475c5bb39133242e991e2a,2c64ed8a03016400e36ca0d8ef123f7d0f2f92dbd72a5cea877ec8824fe6a30f
m7,M,S7,"PFS, client view (server key leaked later)",False,HOLDS,ERROR,ERROR,False,False,0,0,0,0,0.022,0.033,False,CPSA_REJECTED_INPUT,?,26958fd96ef029a623e416405fc0ad67b1fbbeb19a475c5bb39133242e991e2a,2c64ed8a03016400e36ca0d8ef123f7d0f2f92dbd72a5cea877ec8824fe6a30f
m7,M,S8,"PFS, server view (server key leaked later)",False,VIOLATED,ERROR,ERROR,False,False,0,0,0,0,0.022,0.033,False,CPSA_REJECTED_INPUT,?,26958fd96ef029a623e416405fc0ad67b1fbbeb19a475c5bb39133242e991e2a,2c64ed8a03016400e36ca0d8ef123f7d0f2f92dbd72a5cea877ec8824fe6a30f
m7,M,M1,Client->server injective agreement,True,VIOLATED,ERROR,ERROR,False,False,0,0,0,0,0.022,0.033,False,CPSA_REJECTED_INPUT,?,26958fd96ef029a623e416405fc0ad67b1fbbeb19a475c5bb39133242e991e2a,2c64ed8a03016400e36ca0d8ef123f7d0f2f92dbd72a5cea877ec8824fe6a30f
m7,M,M2,Server->client injective agreement,True,VIOLATED,ERROR,ERROR,False,False,0,0,0,0,0.022,0.033,False,CPSA_REJECTED_INPUT,?,26958fd96ef029a623e416405fc0ad67b1fbbeb19a475c5bb39133242e991e2a,2c64ed8a03016400e36ca0d8ef123f7d0f2f92dbd72a5cea877ec8824fe6a30f
m7,M,M3,Client view: c ap traffic key secrecy,True,HOLDS,ERROR,ERROR,False,False,0,0,0,0,0.022,0.033,False,CPSA_REJECTED_INPUT,?,26958fd96ef029a623e416405fc0ad67b1fbbeb19a475c5bb39133242e991e2a,2c64ed8a03016400e36ca0d8ef123f7d0f2f92dbd72a5cea877ec8824fe6a30f
m7,M,M4,Client view: s ap traffic key secrecy,True,HOLDS,ERROR,ERROR,False,False,0,0,0,0,0.022,0.033,False,CPSA_REJECTED_INPUT,?,26958fd96ef029a623e416405fc0ad67b1fbbeb19a475c5bb39133242e991e2a,2c64ed8a03016400e36ca0d8ef123f7d0f2f92dbd72a5cea877ec8824fe6a30f
m7,M,M5,Server view: s ap traffic key secrecy,True,HOLDS,ERROR,ERROR,False,False,0,0,0,0,0.022,0.033,False,CPSA_REJECTED_INPUT,?,26958fd96ef029a623e416405fc0ad67b1fbbeb19a475c5bb39133242e991e2a,2c64ed8a03016400e36ca0d8ef123f7d0f2f92dbd72a5cea877ec8824fe6a30f
m7,M,M6,Server view: c ap traffic key secrecy,True,HOLDS,ERROR,ERROR,False,False,0,0,0,0,0.022,0.033,False,CPSA_REJECTED_INPUT,?,26958fd96ef029a623e416405fc0ad67b1fbbeb19a475c5bb39133242e991e2a,2c64ed8a03016400e36ca0d8ef123f7d0f2f92dbd72a5cea877ec8824fe6a30f
m7,M,M7,"PFS, client view (server key leaked later)",True,HOLDS,ERROR,ERROR,False,False,0,0,0,0,0.022,0.033,False,CPSA_REJECTED_INPUT,?,26958fd96ef029a623e416405fc0ad67b1fbbeb19a475c5bb39133242e991e2a,2c64ed8a03016400e36ca0d8ef123f7d0f2f92dbd72a5cea877ec8824fe6a30f
m7,M,M8,"PFS, server view (client key leaked later)",True,HOLDS,ERROR,ERROR,False,False,0,0,0,0,0.022,0.033,False,CPSA_REJECTED_INPUT,?,26958fd96ef029a623e416405fc0ad67b1fbbeb19a475c5bb39133242e991e2a,2c64ed8a03016400e36ca0d8ef123f7d0f2f92dbd72a5cea877ec8824fe6a30f
m8,M,S1,Client->server injective agreement,False,VIOLATED,VIOLATED,VIOLATED,True,True,2,1,2,1,24.711,24.205,True,,4.4.9,cf38aa431005fcf883b1c6685b91ae0b773be3c4f0d3c89ed458da97c5e74ff9,2c64ed8a03016400e36ca0d8ef123f7d0f2f92dbd72a5cea877ec8824fe6a30f
m8,M,S2,Server->client injective agreement,False,VIOLATED,VIOLATED,VIOLATED,True,True,1,1,1,1,24.711,24.205,False,NO_PEER_STRAND,4.4.9,cf38aa431005fcf883b1c6685b91ae0b773be3c4f0d3c89ed458da97c5e74ff9,2c64ed8a03016400e36ca0d8ef123f7d0f2f92dbd72a5cea877ec8824fe6a30f
m8,M,S3,Client view: c ap traffic key secrecy,False,VIOLATED,VIOLATED,VIOLATED,True,True,3,1,3,1,24.711,24.205,True,,4.4.9,cf38aa431005fcf883b1c6685b91ae0b773be3c4f0d3c89ed458da97c5e74ff9,2c64ed8a03016400e36ca0d8ef123f7d0f2f92dbd72a5cea877ec8824fe6a30f
m8,M,S4,Client view: s ap traffic key secrecy,False,VIOLATED,VIOLATED,VIOLATED,True,True,3,1,3,1,24.711,24.205,True,,4.4.9,cf38aa431005fcf883b1c6685b91ae0b773be3c4f0d3c89ed458da97c5e74ff9,2c64ed8a03016400e36ca0d8ef123f7d0f2f92dbd72a5cea877ec8824fe6a30f
m8,M,S5,Server view: s ap traffic key secrecy,False,VIOLATED,VIOLATED,VIOLATED,True,True,2,1,2,1,24.711,24.205,False,NO_PEER_STRAND,4.4.9,cf38aa431005fcf883b1c6685b91ae0b773be3c4f0d3c89ed458da97c5e74ff9,2c64ed8a03016400e36ca0d8ef123f7d0f2f92dbd72a5cea877ec8824fe6a30f
m8,M,S6,Server view: c ap traffic key secrecy,False,VIOLATED,VIOLATED,VIOLATED,True,True,2,1,2,1,24.711,24.205,False,NO_PEER_STRAND,4.4.9,cf38aa431005fcf883b1c6685b91ae0b773be3c4f0d3c89ed458da97c5e74ff9,2c64ed8a03016400e36ca0d8ef123f7d0f2f92dbd72a5cea877ec8824fe6a30f
m8,M,S7,"PFS, client view (server key leaked later)",False,VIOLATED,VIOLATED,VIOLATED,True,True,6,1,6,1,24.711,24.205,True,,4.4.9,cf38aa431005fcf883b1c6685b91ae0b773be3c4f0d3c89ed458da97c5e74ff9,2c64ed8a03016400e36ca0d8ef123f7d0f2f92dbd72a5cea877ec8824fe6a30f
m8,M,S8,"PFS, server view (server key leaked later)",False,VIOLATED,VIOLATED,VIOLATED,True,True,5,1,5,1,24.711,24.205,False,NO_PEER_STRAND,4.4.9,cf38aa431005fcf883b1c6685b91ae0b773be3c4f0d3c89ed458da97c5e74ff9,2c64ed8a03016400e36ca0d8ef123f7d0f2f92dbd72a5cea877ec8824fe6a30f
m8,M,M1,Client->server injective agreement,True,VIOLATED,VIOLATED,VIOLATED,True,True,2,1,2,1,24.711,24.205,True,,4.4.9,cf38aa431005fcf883b1c6685b91ae0b773be3c4f0d3c89ed458da97c5e74ff9,2c64ed8a03016400e36ca0d8ef123f7d0f2f92dbd72a5cea877ec8824fe6a30f
m8,M,M2,Server->client injective agreement,True,VIOLATED,VIOLATED,VIOLATED,True,True,4,2,4,2,24.711,24.205,True,,4.4.9,cf38aa431005fcf883b1c6685b91ae0b773be3c4f0d3c89ed458da97c5e74ff9,2c64ed8a03016400e36ca0d8ef123f7d0f2f92dbd72a5cea877ec8824fe6a30f
m8,M,M3,Client view: c ap traffic key secrecy,True,VIOLATED,VIOLATED,VIOLATED,True,True,3,1,3,1,24.711,24.205,True,,4.4.9,cf38aa431005fcf883b1c6685b91ae0b773be3c4f0d3c89ed458da97c5e74ff9,2c64ed8a03016400e36ca0d8ef123f7d0f2f92dbd72a5cea877ec8824fe6a30f
m8,M,M4,Client view: s ap traffic key secrecy,True,VIOLATED,VIOLATED,VIOLATED,True,True,3,1,3,1,24.711,24.205,True,,4.4.9,cf38aa431005fcf883b1c6685b91ae0b773be3c4f0d3c89ed458da97c5e74ff9,2c64ed8a03016400e36ca0d8ef123f7d0f2f92dbd72a5cea877ec8824fe6a30f
m8,M,M5,Server view: s ap traffic key secrecy,True,VIOLATED,VIOLATED,VIOLATED,True,True,5,2,5,2,24.711,24.205,True,,4.4.9,cf38aa431005fcf883b1c6685b91ae0b773be3c4f0d3c89ed458da97c5e74ff9,2c64ed8a03016400e36ca0d8ef123f7d0f2f92dbd72a5cea877ec8824fe6a30f
m8,M,M6,Server view: c ap traffic key secrecy,True,VIOLATED,VIOLATED,VIOLATED,True,True,5,2,5,2,24.711,24.205,True,,4.4.9,cf38aa431005fcf883b1c6685b91ae0b773be3c4f0d3c89ed458da97c5e74ff9,2c64ed8a03016400e36ca0d8ef123f7d0f2f92dbd72a5cea877ec8824fe6a30f
m8,M,M7,"PFS, client view (server key leaked later)",True,VIOLATED,VIOLATED,VIOLATED,True,True,10,2,10,2,24.711,24.205,True,,4.4.9,cf38aa431005fcf883b1c6685b91ae0b773be3c4f0d3c89ed458da97c5e74ff9,2c64ed8a03016400e36ca0d8ef123f7d0f2f92dbd72a5cea877ec8824fe6a30f
m8,M,M8,"PFS, server view (client key leaked later)",True,VIOLATED,VIOLATED,VIOLATED,True,True,19,7,19,7,24.711,24.205,True,,4.4.9,cf38aa431005fcf883b1c6685b91ae0b773be3c4f0d3c89ed458da97c5e74ff9,2c64ed8a03016400e36ca0d8ef123f7d0f2f92dbd72a5cea877ec8824fe6a30f
